{
    "S0": {
        "name": "S0 minimum",
        "type": "min",
        "energy": [-231.9957144221, -231.7818892921, -231.7563198411],
        "atm": [
            "C",
            "C",
            "C",
            "C",
            "C",
            "C",
            "H",
            "H",
            "H",
            "H",
            "H",
            "H",
            "H",
            "H"
        ],
        "xyz": [
            [ 3.56149562, -3.35936501,  0.43556267],
            [ 3.44809361, -0.56042488, -0.15863158],
            [ 1.1952573,  0.6627928, -0.20199873],
            [-1.16712923, -0.71366507,  0.20423419],
            [-1.2039272, -3.27761284,  0.15253246],
            [ 1.16703667, -4.7373011, -0.42431527],
            [ 3.79622795, -3.58370555,  2.46848417],
            [ 5.20620755, -4.21534143, -0.44098099],
            [ 5.18858889,  0.46756259, -0.40679461],
            [ 1.12133719,  2.67471375, -0.51425898],
            [-2.88570591,  0.33934445,  0.49962313],
            [-2.95839859, -4.2899151,  0.37050145],
            [ 1.09658905, -6.62301663,  0.37870958],
            [ 1.26206968, -5.03198244, -2.52408486]
        ]
    },
    "C1Clos": {
        "name": "C1 ring-closure MECI",
        "type": "kd",
        "n-ind": 1,
        "db-ind": 6,
        "sb-ind": 2,
        "energy": [-231.818469336, -231.8184684579, -231.6857670709],
        "atm": [
            "C",
            "C",
            "C",
            "C",
            "C",
            "C",
            "H",
            "H",
            "H",
            "H",
            "H",
            "H",
            "H",
            "H"
        ],
        "xyz": [
            [-1.78693376, -1.20499549, -1.3153771],
            [-0.37502753, -2.73441365,  0.43122125],
            [ 0.80299058, -1.39692691,  2.32856033],
            [ 0.76233193,  1.21740014,  2.14392698],
            [ 0.11281286,  2.3504043, -0.24163],
            [ 0.79749393,  1.6532302, -2.75545019],
            [-2.08857326, -1.823775, -3.2325351],
            [-3.39662994, -0.10384533, -0.56448302],
            [-0.04273543, -4.69706569,  0.0281819],
            [ 1.65060397, -2.33440791,  3.92607045],
            [ 0.92987032,  2.42507438,  3.76887935],
            [-1.01591977,  4.05656685, -0.1368593],
            [ 2.20706275,  0.24004304, -3.12465255],
            [ 0.11030056,  2.77609937, -4.30143251]
        ],
        "h01": [
            [ 0.0189941,  0.0616772, -0.0523484],
            [ 0.0301712, -0.00121729,  0.0456532],
            [ 0.00147333, -0.0362593, -0.027494],
            [-0.00836657,  0.0419222, -0.0215702],
            [-0.00468206, -0.0134167,  0.0727395],
            [-0.0227276, -0.0473641, -0.0294232],
            [-0.0002148, -0.00148846,  0.00196229],
            [-0.00640416, -0.00638627,  0.00279464],
            [-0.0107324, -0.00188334,  0.00657604],
            [ 0.00329921, -0.00211903, -0.00291304],
            [-0.0105244, -0.00037129,  0.00136569],
            [ 0.00677918,  0.0057337,  0.00167684],
            [ 0.00463038,  0.0032408,  0.00134985],
            [-0.00169544, -0.00206808, -0.00036925]
        ],
        "g01": [
            [ 0.02062153,  0.0311488,  0.0705377],
            [-0.0145822, -0.0146908, -0.0040064],
            [-0.01558651,  0.0378377, -0.0057646],
            [ 0.01893361, -0.0378563,  0.03943014],
            [-0.04136134, -0.06549462, -0.063742],
            [ 0.03130694,  0.0399354, -0.0257414],
            [ 0.01163294,  0.01522475, -0.0046312],
            [-0.00561689, -0.00318101,  0.00212325],
            [ 0.00457036,  0.00377094, -0.00790562],
            [-0.00215927,  0.00071699,  0.00208316],
            [ 0.0062929,  9.661e-05, -0.00201303],
            [-0.01159772, -0.00673303, -0.00256294],
            [-0.00570532, -0.00453375,  0.00028732],
            [ 0.00325109,  0.00375825,  0.00190554]
        ],
        "ih-charges": [
            -0.12530945,
            -0.11139928,
            -0.0781004,
            -0.17984969,
            0.00270337,
            -0.19148569,
            0.06852294,
            0.08411992,
            0.09626455,
            0.08427868,
            0.08506105,
            0.05803229,
            0.10322071,
            0.10228181
        ]
    },
    "C2Pyr": {
        "name": "C2 pyramidalization MECI",
        "type": "et",
        "n-ind": 2,
        "db-ind": 3,
        "sb-ind": 1,
        "energy": [-231.8051288289, -231.8051227548, -231.6883033864],
        "atm": [
            "C",
            "C",
            "C",
            "C",
            "C",
            "C",
            "H",
            "H",
            "H",
            "H",
            "H",
            "H",
            "H",
            "H"
        ],
        "xyz": [
            [-1.40052162,  2.48224685, -0.27836602],
            [ 1.40051548,  2.48543598,  0.18616099],
            [ 2.5780929,  0.07325949, -0.09726012],
            [ 1.31627571, -2.33165061, -0.19956591],
            [-1.29900058, -2.36496573, -0.32648141],
            [-2.78502077, -0.2299468,  0.62381412],
            [-2.40499204,  3.89903331,  0.80145657],
            [-1.77319417,  2.82654022, -2.2696308],
            [ 1.31934423,  1.51993837,  2.2013781],
            [ 4.59905402, -0.0223031, -0.40851121],
            [ 2.40465022, -3.93236637, -0.8329296],
            [-2.23412834, -3.94370009, -1.21655225],
            [-2.59936842, -0.05461989,  2.66152787],
            [-4.77088546, -0.36239021,  0.13522539]
        ],
        "h01": [
            [-0.00018276,  0.0201194, -0.0140056],
            [-0.0307764, -0.0357052,  0.046733],
            [ 0.0352774, -0.0345251, -0.0353197],
            [ 0.0113116,  0.0206342, -0.00106247],
            [-0.0112396, -0.00872155,  0.0010098],
            [ 0.0101534, -0.00050656,  0.00495953],
            [ 0.00053008,  0.00133228, -3.63e-06],
            [-0.00345321, -0.0019013,  5.399e-05],
            [-0.00954751,  0.0331552,  0.00085391],
            [-0.00149086,  6.656e-05, -0.00424402],
            [ 0.00144982,  0.00087642,  0.00380343],
            [-0.00036287,  0.00097048, -0.00041346],
            [-0.00252032,  4.383e-05, -0.0005649],
            [ 0.00085118,  0.00416136, -0.0017999]
        ],
        "g01": [
            [ 0.03412509,  0.0484319,  0.003829],
            [-0.0069576,  0.0013526, -0.0052923],
            [ 0.03502873, -0.009126, -0.0050043],
            [ 0.0301459,  0.01680924,  0.05467505],
            [-0.0379823,  0.01381615,  0.00453469],
            [ 0.00152313, -0.04966146,  0.01159618],
            [-0.00522212, -0.00398069,  0.00077558],
            [ 0.00090588, -0.0002108,  0.0022234],
            [-0.0520541, -0.0321639, -0.01740596],
            [-0.00491662, -0.00484994, -0.03149809],
            [ 0.00333563,  0.00480319, -0.00020465],
            [ 0.00038116,  0.00703532, -0.01268916],
            [ 0.00288262,  0.00962373, -0.00468807],
            [-0.00119538, -0.00187941, -0.00085157]
        ],
        "ih-charges": [
            -0.07102775,
            -0.44350211,
            0.14371538,
            -0.21376416,
            0.06353176,
            -0.20034714,
            0.06883459,
            0.0620545,
            0.16178621,
            0.08310491,
            0.09838191,
            0.08095106,
            0.0815232,
            0.08490442
        ]
    },
    "C3Pyr": {
        "name": "C3 pyramidalization MECI",
        "type": "et",
        "n-ind": 3,
        "db-ind": 2,
        "sb-ind": 4,
        "energy": [-231.7990082749, -231.7990079447, -231.6648284096],
        "atm": [
            "C",
            "C",
            "C",
            "C",
            "C",
            "C",
            "H",
            "H",
            "H",
            "H",
            "H",
            "H",
            "H",
            "H"
        ],